{"mean":{"confidence_interval":{"confidence_level":0.95,"lower_bound":-0.0372309954274666,"upper_bound":0.005487639986743635},"point_estimate":-0.014793092763610738,"standard_error":0.010910304862492422},"median":{"confidence_interval":{"confidence_level":0.95,"lower_bound":-0.004833664819642666,"upper_bound":-0.002715653749355007},"point_estimate":-0.0035174135725047906,"standard_error":0.0005359866103289394}}