{"mean":{"confidence_interval":{"confidence_level":0.95,"lower_bound":0.00039419902145934057,"upper_bound":0.005041425237526942},"point_estimate":0.002886624675463967,"standard_error":0.0011871399796119524},"median":{"confidence_interval":{"confidence_level":0.95,"lower_bound":0.0016373567437906196,"upper_bound":0.006073646453538917},"point_estimate":0.00408663444502344,"standard_error":0.0011931622915028175}}