{"mean":{"confidence_interval":{"confidence_level":0.95,"lower_bound":0.01122731188141592,"upper_bound":0.01887514196111136},"point_estimate":0.014632374405793902,"standard_error":0.002003252085151709},"median":{"confidence_interval":{"confidence_level":0.95,"lower_bound":0.011759793989569722,"upper_bound":0.014437138762847024},"point_estimate":0.01321657745723126,"standard_error":0.000668866335237203}}