{"mean":{"confidence_interval":{"confidence_level":0.95,"lower_bound":0.04647267975985166,"upper_bound":0.07467445427726606},"point_estimate":0.06321725005750523,"standard_error":0.007421721097678504},"median":{"confidence_interval":{"confidence_level":0.95,"lower_bound":0.07148855438185557,"upper_bound":0.07718293698791277},"point_estimate":0.07409078119874835,"standard_error":0.0014509183202019327}}