{"mean":{"confidence_interval":{"confidence_level":0.95,"lower_bound":72.08446658369881,"upper_bound":72.24372034591592},"point_estimate":72.16419403807642,"standard_error":0.040611773251111864},"median":{"confidence_interval":{"confidence_level":0.95,"lower_bound":72.05212034198017,"upper_bound":72.22389331111002},"point_estimate":72.13242638281211,"standard_error":0.044958503111824866},"median_abs_dev":{"confidence_interval":{"confidence_level":0.95,"lower_bound":0.2609857189713849,"upper_bound":0.4293976358810003},"point_estimate":0.34154700340374,"standard_error":0.04268593939796191},"slope":{"confidence_interval":{"confidence_level":0.95,"lower_bound":72.07166386624151,"upper_bound":72.20518475419048},"point_estimate":72.13596037045014,"standard_error":0.03415770666714088},"std_dev":{"confidence_interval":{"confidence_level":0.95,"lower_bound":0.3240034212886829,"upper_bound":0.48681223010439467},"point_estimate":0.40705883837082457,"standard_error":0.04151315861876415}}