{"mean":{"confidence_interval":{"confidence_level":0.95,"lower_bound":-0.00752296493185389,"upper_bound":-0.003053999899191368},"point_estimate":-0.005264563425786295,"standard_error":0.0011432094729172924},"median":{"confidence_interval":{"confidence_level":0.95,"lower_bound":-0.008366509669848643,"upper_bound":-0.0022566167333823994},"point_estimate":-0.006603353711841731,"standard_error":0.0016263353905411834}}