{"mean":{"confidence_interval":{"confidence_level":0.95,"lower_bound":-0.01792723124106703,"upper_bound":0.029667532323161497},"point_estimate":0.0066848388512814605,"standard_error":0.01217422349133413},"median":{"confidence_interval":{"confidence_level":0.95,"lower_bound":-0.00005390881854161478,"upper_bound":0.002863013742863574},"point_estimate":0.001091217270668965,"standard_error":0.0007282599414874407}}