{"mean":{"confidence_interval":{"confidence_level":0.95,"lower_bound":-0.0005997397908925078,"upper_bound":0.002556731489336011},"point_estimate":0.001102283814006677,"standard_error":0.0007988443154237567},"median":{"confidence_interval":{"confidence_level":0.95,"lower_bound":-0.001194340015007166,"upper_bound":0.002021941762347268},"point_estimate":0.0005110718479144349,"standard_error":0.0008516333090067055}}