{"mean":{"confidence_interval":{"confidence_level":0.95,"lower_bound":-0.05492187978193663,"upper_bound":-0.009207070343331266},"point_estimate":-0.030397084154740628,"standard_error":0.01172730004146193},"median":{"confidence_interval":{"confidence_level":0.95,"lower_bound":-0.0007052534440521108,"upper_bound":0.003100477795364487},"point_estimate":0.0013417831084232557,"standard_error":0.0009317806119058054}}