{"mean":{"confidence_interval":{"confidence_level":0.95,"lower_bound":0.09267131675259727,"upper_bound":0.0968791177422411},"point_estimate":0.09470504561095927,"standard_error":0.001075601447280662},"median":{"confidence_interval":{"confidence_level":0.95,"lower_bound":0.09413057492993548,"upper_bound":0.09869789571924859},"point_estimate":0.09643110321697268,"standard_error":0.001266683700309752}}