{"mean":{"confidence_interval":{"confidence_level":0.95,"lower_bound":-0.10916543297750446,"upper_bound":0.0020290979087639765},"point_estimate":-0.043160294189439785,"standard_error":0.029898318247621992},"median":{"confidence_interval":{"confidence_level":0.95,"lower_bound":0.002293601668194256,"upper_bound":0.006214293453318431},"point_estimate":0.004312008176173832,"standard_error":0.000957809808681997}}