{"mean":{"confidence_interval":{"confidence_level":0.95,"lower_bound":3.801658356085766,"upper_bound":3.8151229419983834},"point_estimate":3.808013631365973,"standard_error":0.003424865178613661},"median":{"confidence_interval":{"confidence_level":0.95,"lower_bound":3.7992442508540516,"upper_bound":3.809892137150662},"point_estimate":3.8057558696463403,"standard_error":0.002865449158805178},"median_abs_dev":{"confidence_interval":{"confidence_level":0.95,"lower_bound":0.01620266912310469,"upper_bound":0.02696557588555367},"point_estimate":0.019199533416731064,"standard_error":0.0027133744713051296},"slope":{"confidence_interval":{"confidence_level":0.95,"lower_bound":3.8054818575682647,"upper_bound":3.816287313348736},"point_estimate":3.8106007611692516,"standard_error":0.0027658064019556792},"std_dev":{"confidence_interval":{"confidence_level":0.95,"lower_bound":0.021922912001497742,"upper_bound":0.04651407459248588},"point_estimate":0.03450914821600061,"standard_error":0.006478132049313201}}