{"mean":{"confidence_interval":{"confidence_level":0.95,"lower_bound":0.06492240418218757,"upper_bound":0.06874683091864331},"point_estimate":0.06678479518758373,"standard_error":0.0009737580128282042},"median":{"confidence_interval":{"confidence_level":0.95,"lower_bound":0.06557847775912196,"upper_bound":0.06950734239418344},"point_estimate":0.06754275028818046,"standard_error":0.0009820025053052565}}