{"mean":{"confidence_interval":{"confidence_level":0.95,"lower_bound":-0.07830680143651889,"upper_bound":-0.02423171292621984},"point_estimate":-0.04976754498212066,"standard_error":0.01387506266314822},"median":{"confidence_interval":{"confidence_level":0.95,"lower_bound":-0.0072939798114887155,"upper_bound":-0.0026667095876931057},"point_estimate":-0.005300597706925925,"standard_error":0.0011868503583299444}}