{"mean":{"confidence_interval":{"confidence_level":0.95,"lower_bound":0.0823179350308232,"upper_bound":0.08665797428246291},"point_estimate":0.0845451310910339,"standard_error":0.0011025004443123093},"median":{"confidence_interval":{"confidence_level":0.95,"lower_bound":0.08353716429499647,"upper_bound":0.08803713350606879},"point_estimate":0.08619901837488841,"standard_error":0.0011487105994882946}}