{"mean":{"confidence_interval":{"confidence_level":0.95,"lower_bound":-0.07381266445928147,"upper_bound":-0.004486389689954038},"point_estimate":-0.03710744682421985,"standard_error":0.017826667970942348},"median":{"confidence_interval":{"confidence_level":0.95,"lower_bound":-0.001603657743944109,"upper_bound":0.0016875163587377617},"point_estimate":0.0002304004784419167,"standard_error":0.0008236113099775716}}