{"mean":{"confidence_interval":{"confidence_level":0.95,"lower_bound":1.2497247400352465,"upper_bound":1.257487379440983},"point_estimate":1.253516354912445,"standard_error":0.001977615025503744},"median":{"confidence_interval":{"confidence_level":0.95,"lower_bound":1.2496259527043163,"upper_bound":1.2576866058859646},"point_estimate":1.2534524534017057,"standard_error":0.0020934451341937358}}