{"mean":{"confidence_interval":{"confidence_level":0.95,"lower_bound":-0.0011743997663043841,"upper_bound":0.0024362855922437365},"point_estimate":0.0006797055228686677,"standard_error":0.0009198614484183465},"median":{"confidence_interval":{"confidence_level":0.95,"lower_bound":-0.0013477508183264986,"upper_bound":0.0031046435256119054},"point_estimate":0.0005454335093026952,"standard_error":0.0011629582083740513}}