{"mean":{"confidence_interval":{"confidence_level":0.95,"lower_bound":-0.7533682617541687,"upper_bound":-0.7522635792128904},"point_estimate":-0.7528267870540576,"standard_error":0.00028211952296541636},"median":{"confidence_interval":{"confidence_level":0.95,"lower_bound":-0.7531945562809276,"upper_bound":-0.7516164124479966},"point_estimate":-0.7521429964069466,"standard_error":0.00035785537570540073}}