{"mean":{"confidence_interval":{"confidence_level":0.95,"lower_bound":0.01722492038008115,"upper_bound":0.03494570075275374},"point_estimate":0.025056982731873623,"standard_error":0.004534937080639803},"median":{"confidence_interval":{"confidence_level":0.95,"lower_bound":0.009357473853249365,"upper_bound":0.018536113403561188},"point_estimate":0.01296700060771383,"standard_error":0.0023179951634158032}}