{"mean":{"confidence_interval":{"confidence_level":0.95,"lower_bound":0.00016798075452597894,"upper_bound":0.034449283138971984},"point_estimate":0.019212118523196153,"standard_error":0.008748759386124507},"median":{"confidence_interval":{"confidence_level":0.95,"lower_bound":0.0317511912431121,"upper_bound":0.036137782333280244},"point_estimate":0.03426714606320913,"standard_error":0.001152387183913415}}