{"mean":{"confidence_interval":{"confidence_level":0.95,"lower_bound":-0.031068736872614,"upper_bound":0.0052746975124506905},"point_estimate":-0.012640384904454294,"standard_error":0.009274507263471418},"median":{"confidence_interval":{"confidence_level":0.95,"lower_bound":-0.0041481527932982765,"upper_bound":-0.0014277209611389674},"point_estimate":-0.0030336639255176268,"standard_error":0.0007042551905314183}}