{"mean":{"confidence_interval":{"confidence_level":0.95,"lower_bound":-0.042749950054837775,"upper_bound":-0.007684659298402874},"point_estimate":-0.023580174552006006,"standard_error":0.009018614101065175},"median":{"confidence_interval":{"confidence_level":0.95,"lower_bound":-0.004035549166115593,"upper_bound":-0.0014343881673242187},"point_estimate":-0.002727438534879556,"standard_error":0.0006730398784085761}}