{"mean":{"confidence_interval":{"confidence_level":0.95,"lower_bound":26.801117529648874,"upper_bound":27.49353201148652},"point_estimate":27.08256810369418,"standard_error":0.18135808755841276},"median":{"confidence_interval":{"confidence_level":0.95,"lower_bound":26.757381014523137,"upper_bound":26.804989722089957},"point_estimate":26.79047353455606,"standard_error":0.012851701997464727},"median_abs_dev":{"confidence_interval":{"confidence_level":0.95,"lower_bound":0.0871660407817996,"upper_bound":0.15569620015664357},"point_estimate":0.11928515134588454,"standard_error":0.017042173348649416},"slope":{"confidence_interval":{"confidence_level":0.95,"lower_bound":26.794362975622146,"upper_bound":27.102687974433387},"point_estimate":26.90994796734477,"standard_error":0.08170560320913316},"std_dev":{"confidence_interval":{"confidence_level":0.95,"lower_bound":0.1936660731069445,"upper_bound":2.9785867487976536},"point_estimate":1.8275809211580145,"standard_error":0.7538760086407376}}