{"mean":{"confidence_interval":{"confidence_level":0.95,"lower_bound":-0.7533326245015834,"upper_bound":-0.7498236597467157},"point_estimate":-0.7511205024495412,"standard_error":0.0009872897271230188},"median":{"confidence_interval":{"confidence_level":0.95,"lower_bound":-0.7505909091815862,"upper_bound":-0.7496406083325676},"point_estimate":-0.7500514332278975,"standard_error":0.00024023962028163893}}