{"mean":{"confidence_interval":{"confidence_level":0.95,"lower_bound":0.0050633502575738905,"upper_bound":0.008450128651820854},"point_estimate":0.006769390135352715,"standard_error":0.0008653505898355311},"median":{"confidence_interval":{"confidence_level":0.95,"lower_bound":0.004228401193143938,"upper_bound":0.008761900965046143},"point_estimate":0.006963605018004193,"standard_error":0.0011818392243577733}}