{"mean":{"confidence_interval":{"confidence_level":0.95,"lower_bound":-0.041112198281150446,"upper_bound":-0.015940044113344463},"point_estimate":-0.027130346474885658,"standard_error":0.0064923309953859075},"median":{"confidence_interval":{"confidence_level":0.95,"lower_bound":-0.013164494165759821,"upper_bound":-0.010326708966335363},"point_estimate":-0.011982996310886729,"standard_error":0.0007362381394865297}}