{"mean":{"confidence_interval":{"confidence_level":0.95,"lower_bound":0.005392728988145924,"upper_bound":0.03473200057901985},"point_estimate":0.01771036704666873,"standard_error":0.007574699721331986},"median":{"confidence_interval":{"confidence_level":0.95,"lower_bound":-0.0015133642930095226,"upper_bound":0.003438054532134416},"point_estimate":0.0014862178787113933,"standard_error":0.0013007129609442596}}